<Module>
  <Name value="Diplomacy Fixes - Jiro's Build"/>
  <Id value="DiplomacyFixes"/>
  <Version value="v1.5.6.1"/>
  <SingleplayerModule value="true"/>
  <MultiplayerModule value="false"/>
	<DependedModules>
		<DependedModule Id="Bannerlord.Harmony" />
		<DependedModule Id="Bannerlord.ButterLib" />
		<DependedModule Id="Bannerlord.UIExtenderEx" />
		<DependedModule Id="Bannerlord.MBOptionScreen" />
		<DependedModule Id="Native" />
		<DependedModule Id="SandBoxCore" />
		<DependedModule Id="Sandbox" />
		<DependedModule Id="StoryMode" />
		<DependedModule Id="CustomBattle" />
	</DependedModules>
	<DependedModuleMetadatas>
		<DependedModuleMetadata id="Bannerlord.Harmony" order="LoadBeforeThis" version="v2.0.2" />
		<DependedModuleMetadata id="Bannerlord.ButterLib" order="LoadBeforeThis" version="v1.0.18" />
		<DependedModuleMetadata id="Bannerlord.UIExtenderEx" order="LoadBeforeThis" version="v1.0.5" />
		<DependedModuleMetadata id="Bannerlord.MBOptionScreen" order="LoadBeforeThis" version="v4.1.1" />
		<DependedModuleMetadata id="Bannerlord.MBOptionScreen.MBO" incompatible="true" />

		<DependedModuleMetadata id="Native" order="LoadBeforeThis" version="e1.5.6.*" />
		<DependedModuleMetadata id="SandBoxCore" order="LoadBeforeThis" version="e1.5.6.*" />
		<DependedModuleMetadata id="Sandbox" order="LoadBeforeThis" version="e1.5.6.*" />
		<DependedModuleMetadata id="StoryMode" order="LoadBeforeThis" version="e1.5.6.*" optional="true" />
		<DependedModuleMetadata id="CustomBattle" order="LoadBeforeThis" version="e1.5.6.*" optional="true" />
	</DependedModuleMetadatas>
  <SubModules>
    <SubModule>
      <Name value="DiplomacyFixes"/>
      <DLLName value="DiplomacyFixes.dll"/>
      <SubModuleClassType value="DiplomacyFixes.MySubModule"/>
      <Tags>
        <Tag key="DedicatedServerType" value="none" />
        <Tag key="IsNoRenderModeElement" value="false" />
      </Tags>
    </SubModule>
  </SubModules>
  <Xmls/>
</Module>